date,expense_year,expense_month,expense_month_name,expense_month_year,expense_category,corrected_expense_category,expense_category_validation_flag,amount,description
2024-10-01,2024,10,October,2024-10,Staffing,Supplies,Corrected,29391.86,Surgical masks
2024-10-02,2024,10,October,2024-10,Supplies,Supplies,Matched,47757.71,Surgical masks
2024-10-03,2024,10,October,2024-10,Supplies,Equipment,Corrected,43996.6,Ventilators
2024-10-04,2024,10,October,2024-10,Supplies,Staffing,Corrected,27908.42,Surgeons' salaries
2024-10-05,2024,10,October,2024-10,Equipment,Equipment,Matched,39719.6,Ventilators
2024-10-06,2024,10,October,2024-10,Equipment,Supplies,Corrected,11695.0,Surgical masks
2024-10-07,2024,10,October,2024-10,Supplies,Staffing,Corrected,40050.2,Surgeons' salaries
2024-10-08,2024,10,October,2024-10,Staffing,Supplies,Corrected,48832.91,Surgical masks
2024-10-09,2024,10,October,2024-10,Supplies,Staffing,Corrected,11815.93,Surgeons' salaries
2024-10-10,2024,10,October,2024-10,Staffing,Supplies,Corrected,40394.89,Surgical masks
2024-10-11,2024,10,October,2024-10,Staffing,Equipment,Corrected,13225.9,Ventilators
2024-10-12,2024,10,October,2024-10,Equipment,Supplies,Corrected,10556.01,Surgical masks
2024-10-13,2024,10,October,2024-10,Staffing,Supplies,Corrected,6831.24,Surgical masks
2024-10-14,2024,10,October,2024-10,Staffing,Staffing,Matched,22377.3,Surgeons' salaries
2024-10-15,2024,10,October,2024-10,Staffing,Staffing,Matched,27914.24,Surgeons' salaries
2024-10-16,2024,10,October,2024-10,Equipment,Supplies,Corrected,15283.73,Surgical masks
2024-10-17,2024,10,October,2024-10,Staffing,Supplies,Corrected,16745.3,Surgical masks
2024-10-18,2024,10,October,2024-10,Supplies,Supplies,Matched,7309.99,Surgical masks
2024-10-19,2024,10,October,2024-10,Equipment,Supplies,Corrected,48677.96,Surgical masks
2024-10-20,2024,10,October,2024-10,Supplies,Supplies,Matched,34857.37,Surgical masks
2024-10-21,2024,10,October,2024-10,Equipment,Supplies,Corrected,4977.66,Surgical masks
2024-10-22,2024,10,October,2024-10,Equipment,Equipment,Matched,34457.6,Ventilators
2024-10-23,2024,10,October,2024-10,Staffing,Staffing,Matched,32647.46,Surgeons' salaries
2024-10-24,2024,10,October,2024-10,Equipment,Staffing,Corrected,43297.96,Surgeons' salaries
2024-10-25,2024,10,October,2024-10,Supplies,Supplies,Matched,35618.21,Surgical masks
2024-10-26,2024,10,October,2024-10,Staffing,Staffing,Matched,2171.42,Surgeons' salaries
2024-10-27,2024,10,October,2024-10,Supplies,Supplies,Matched,30270.13,Surgical masks
2024-10-28,2024,10,October,2024-10,Staffing,Staffing,Matched,1167.22,Surgeons' salaries
2024-10-29,2024,10,October,2024-10,Supplies,Equipment,Corrected,16659.46,Ventilators
2024-10-30,2024,10,October,2024-10,Staffing,Staffing,Matched,15358.73,Surgeons' salaries
2024-10-31,2024,10,October,2024-10,Equipment,Staffing,Corrected,5419.23,Surgeons' salaries
2024-11-01,2024,11,November,2024-11,Equipment,Supplies,Corrected,3216.23,Surgical masks
2024-11-02,2024,11,November,2024-11,Equipment,Staffing,Corrected,9810.33,Surgeons' salaries
2024-11-03,2024,11,November,2024-11,Equipment,Equipment,Matched,41617.01,Ventilators
2024-11-04,2024,11,November,2024-11,Equipment,Staffing,Corrected,13176.43,Surgeons' salaries
2024-11-05,2024,11,November,2024-11,Staffing,Staffing,Matched,10785.51,Surgeons' salaries
2024-11-06,2024,11,November,2024-11,Supplies,Staffing,Corrected,48031.45,Surgeons' salaries
2024-11-07,2024,11,November,2024-11,Supplies,Equipment,Corrected,6643.2,Ventilators
2024-11-08,2024,11,November,2024-11,Equipment,Equipment,Matched,15533.64,Ventilators
2024-11-09,2024,11,November,2024-11,Equipment,Equipment,Matched,40872.45,Ventilators
2024-11-10,2024,11,November,2024-11,Equipment,Equipment,Matched,32030.48,Ventilators
2024-11-11,2024,11,November,2024-11,Supplies,Supplies,Matched,4412.16,Surgical masks
2024-11-12,2024,11,November,2024-11,Equipment,Supplies,Corrected,46619.21,Surgical masks
2024-11-13,2024,11,November,2024-11,Supplies,Supplies,Matched,14628.11,Surgical masks
2024-11-14,2024,11,November,2024-11,Staffing,Supplies,Corrected,20106.14,Surgical masks
2024-11-15,2024,11,November,2024-11,Supplies,Staffing,Corrected,29215.87,Surgeons' salaries
2024-11-16,2024,11,November,2024-11,Equipment,Supplies,Corrected,29420.48,Surgical masks
2024-11-17,2024,11,November,2024-11,Staffing,Staffing,Matched,13942.61,Surgeons' salaries
2024-11-18,2024,11,November,2024-11,Supplies,Staffing,Corrected,38805.05,Surgeons' salaries
2024-11-19,2024,11,November,2024-11,Equipment,Supplies,Corrected,17543.17,Surgical masks
2024-11-20,2024,11,November,2024-11,Equipment,Equipment,Matched,37676.46,Ventilators
2024-11-21,2024,11,November,2024-11,Supplies,Supplies,Matched,8281.9,Surgical masks
2024-11-22,2024,11,November,2024-11,Supplies,Equipment,Corrected,21520.45,Ventilators
2024-11-23,2024,11,November,2024-11,Equipment,Staffing,Corrected,2237.88,Surgeons' salaries
2024-11-24,2024,11,November,2024-11,Staffing,Staffing,Matched,19134.91,Surgeons' salaries
2024-11-25,2024,11,November,2024-11,Staffing,Staffing,Matched,1862.22,Surgeons' salaries
2024-11-26,2024,11,November,2024-11,Equipment,Supplies,Corrected,39884.35,Surgical masks
2024-11-27,2024,11,November,2024-11,Staffing,Supplies,Corrected,14181.26,Surgical masks
2024-11-28,2024,11,November,2024-11,Equipment,Equipment,Matched,39279.18,Ventilators
2024-11-29,2024,11,November,2024-11,Staffing,Equipment,Corrected,40032.02,Ventilators
2024-11-30,2024,11,November,2024-11,Supplies,Equipment,Corrected,4995.64,Ventilators
2024-12-01,2024,12,December,2024-12,Staffing,Supplies,Corrected,26361.23,Surgical masks
2024-12-02,2024,12,December,2024-12,Equipment,Staffing,Corrected,6572.09,Surgeons' salaries
2024-12-03,2024,12,December,2024-12,Equipment,Equipment,Matched,48903.85,Ventilators
2024-12-04,2024,12,December,2024-12,Supplies,Equipment,Corrected,37068.59,Ventilators
2024-12-05,2024,12,December,2024-12,Supplies,Staffing,Corrected,6905.59,Surgeons' salaries
2024-12-06,2024,12,December,2024-12,Supplies,Equipment,Corrected,25940.8,Ventilators
2024-12-07,2024,12,December,2024-12,Supplies,Staffing,Corrected,49581.16,Surgeons' salaries
2024-12-08,2024,12,December,2024-12,Staffing,Supplies,Corrected,40916.13,Surgical masks
2024-12-09,2024,12,December,2024-12,Supplies,Staffing,Corrected,36718.25,Surgeons' salaries
2024-12-10,2024,12,December,2024-12,Supplies,Staffing,Corrected,43977.28,Surgeons' salaries
2024-12-11,2024,12,December,2024-12,Supplies,Staffing,Corrected,48070.86,Surgeons' salaries
2024-12-12,2024,12,December,2024-12,Supplies,Staffing,Corrected,32641.03,Surgeons' salaries
2024-12-13,2024,12,December,2024-12,Equipment,Staffing,Corrected,25335.02,Surgeons' salaries
2024-12-14,2024,12,December,2024-12,Staffing,Equipment,Corrected,15321.84,Ventilators
2024-12-15,2024,12,December,2024-12,Supplies,Staffing,Corrected,11911.87,Surgeons' salaries
2024-12-16,2024,12,December,2024-12,Equipment,Supplies,Corrected,11875.07,Surgical masks
2024-12-17,2024,12,December,2024-12,Staffing,Staffing,Matched,22980.35,Surgeons' salaries
2024-12-18,2024,12,December,2024-12,Staffing,Staffing,Matched,22171.59,Surgeons' salaries
2024-12-19,2024,12,December,2024-12,Supplies,Staffing,Corrected,45073.23,Surgeons' salaries
2024-12-20,2024,12,December,2024-12,Supplies,Staffing,Corrected,32605.69,Surgeons' salaries
2024-12-21,2024,12,December,2024-12,Staffing,Equipment,Corrected,3614.58,Ventilators
2024-12-22,2024,12,December,2024-12,Equipment,Supplies,Corrected,3699.26,Surgical masks
2024-12-23,2024,12,December,2024-12,Supplies,Staffing,Corrected,31971.98,Surgeons' salaries
2024-12-24,2024,12,December,2024-12,Supplies,Equipment,Corrected,3350.19,Ventilators
2024-12-25,2024,12,December,2024-12,Staffing,Supplies,Corrected,45867.95,Surgical masks
2024-12-26,2024,12,December,2024-12,Supplies,Equipment,Corrected,5209.14,Ventilators
2024-12-27,2024,12,December,2024-12,Equipment,Supplies,Corrected,3786.27,Surgical masks
2024-12-28,2024,12,December,2024-12,Supplies,Equipment,Corrected,36689.63,Ventilators
2024-12-29,2024,12,December,2024-12,Staffing,Equipment,Corrected,24109.25,Ventilators
2024-12-30,2024,12,December,2024-12,Supplies,Supplies,Matched,10209.34,Surgical masks
2024-12-31,2024,12,December,2024-12,Staffing,Staffing,Matched,18183.68,Surgeons' salaries
2025-01-01,2025,1,January,2025-01,Supplies,Supplies,Matched,30087.7,Surgical masks
2025-01-02,2025,1,January,2025-01,Supplies,Equipment,Corrected,3820.52,Ventilators
2025-01-03,2025,1,January,2025-01,Equipment,Supplies,Corrected,40017.07,Surgical masks
2025-01-04,2025,1,January,2025-01,Staffing,Supplies,Corrected,1819.12,Surgical masks
2025-01-05,2025,1,January,2025-01,Staffing,Supplies,Corrected,22590.72,Surgical masks
2025-01-06,2025,1,January,2025-01,Supplies,Equipment,Corrected,32733.16,Ventilators
2025-01-07,2025,1,January,2025-01,Supplies,Equipment,Corrected,44099.68,Ventilators
2025-01-08,2025,1,January,2025-01,Supplies,Staffing,Corrected,21702.34,Surgeons' salaries
2025-01-09,2025,1,January,2025-01,Staffing,Equipment,Corrected,21632.64,Ventilators
2025-01-10,2025,1,January,2025-01,Supplies,Staffing,Corrected,21338.27,Surgeons' salaries
2025-01-11,2025,1,January,2025-01,Supplies,Equipment,Corrected,47569.57,Ventilators
2025-01-12,2025,1,January,2025-01,Equipment,Staffing,Corrected,30030.24,Surgeons' salaries
2025-01-13,2025,1,January,2025-01,Staffing,Supplies,Corrected,15276.69,Surgical masks
2025-01-14,2025,1,January,2025-01,Supplies,Equipment,Corrected,19548.24,Ventilators
2025-01-15,2025,1,January,2025-01,Staffing,Staffing,Matched,18257.29,Surgeons' salaries
2025-01-16,2025,1,January,2025-01,Supplies,Equipment,Corrected,10248.74,Ventilators
2025-01-17,2025,1,January,2025-01,Staffing,Staffing,Matched,26133.39,Surgeons' salaries
2025-01-18,2025,1,January,2025-01,Staffing,Supplies,Corrected,27148.06,Surgical masks
2025-01-19,2025,1,January,2025-01,Supplies,Equipment,Corrected,6898.6,Ventilators
2025-01-20,2025,1,January,2025-01,Staffing,Supplies,Corrected,19548.25,Surgical masks
2025-01-21,2025,1,January,2025-01,Staffing,Supplies,Corrected,30214.12,Surgical masks
2025-01-22,2025,1,January,2025-01,Equipment,Supplies,Corrected,21942.75,Surgical masks
2025-01-23,2025,1,January,2025-01,Staffing,Supplies,Corrected,41454.28,Surgical masks
2025-01-24,2025,1,January,2025-01,Equipment,Staffing,Corrected,49183.35,Surgeons' salaries
2025-01-25,2025,1,January,2025-01,Supplies,Equipment,Corrected,13040.43,Ventilators
2025-01-26,2025,1,January,2025-01,Supplies,Supplies,Matched,11808.08,Surgical masks
2025-01-27,2025,1,January,2025-01,Supplies,Staffing,Corrected,15252.39,Surgeons' salaries
2025-01-28,2025,1,January,2025-01,Staffing,Staffing,Matched,43364.45,Surgeons' salaries
2025-01-29,2025,1,January,2025-01,Staffing,Supplies,Corrected,47007.66,Surgical masks
2025-01-30,2025,1,January,2025-01,Staffing,Staffing,Matched,22309.04,Surgeons' salaries
2025-01-31,2025,1,January,2025-01,Supplies,Staffing,Corrected,42342.92,Surgeons' salaries
2025-02-01,2025,2,February,2025-02,Equipment,Staffing,Corrected,17488.51,Surgeons' salaries
2025-02-02,2025,2,February,2025-02,Equipment,Equipment,Matched,44461.59,Ventilators
2025-02-03,2025,2,February,2025-02,Equipment,Equipment,Matched,15784.4,Ventilators
2025-02-04,2025,2,February,2025-02,Supplies,Staffing,Corrected,17774.03,Surgeons' salaries
2025-02-05,2025,2,February,2025-02,Equipment,Supplies,Corrected,42981.38,Surgical masks
2025-02-06,2025,2,February,2025-02,Equipment,Supplies,Corrected,21075.29,Surgical masks
2025-02-07,2025,2,February,2025-02,Equipment,Staffing,Corrected,39385.39,Surgeons' salaries
2025-02-08,2025,2,February,2025-02,Supplies,Equipment,Corrected,47804.78,Ventilators
2025-02-09,2025,2,February,2025-02,Staffing,Staffing,Matched,3349.23,Surgeons' salaries
2025-02-10,2025,2,February,2025-02,Equipment,Supplies,Corrected,34363.0,Surgical masks
2025-02-11,2025,2,February,2025-02,Equipment,Equipment,Matched,12187.72,Ventilators
2025-02-12,2025,2,February,2025-02,Staffing,Supplies,Corrected,6181.89,Surgical masks
2025-02-13,2025,2,February,2025-02,Staffing,Supplies,Corrected,17743.49,Surgical masks
2025-02-14,2025,2,February,2025-02,Supplies,Staffing,Corrected,21779.59,Surgeons' salaries
2025-02-15,2025,2,February,2025-02,Staffing,Equipment,Corrected,13253.42,Ventilators
2025-02-16,2025,2,February,2025-02,Supplies,Staffing,Corrected,17210.3,Surgeons' salaries
2025-02-17,2025,2,February,2025-02,Equipment,Supplies,Corrected,15098.59,Surgical masks
2025-02-18,2025,2,February,2025-02,Equipment,Equipment,Matched,19350.47,Ventilators
2025-02-19,2025,2,February,2025-02,Supplies,Equipment,Corrected,12614.34,Ventilators
2025-02-20,2025,2,February,2025-02,Supplies,Equipment,Corrected,25973.01,Ventilators
2025-02-21,2025,2,February,2025-02,Equipment,Equipment,Matched,14156.76,Ventilators
2025-02-22,2025,2,February,2025-02,Staffing,Supplies,Corrected,30910.62,Surgical masks
2025-02-23,2025,2,February,2025-02,Equipment,Supplies,Corrected,13768.11,Surgical masks
2025-02-24,2025,2,February,2025-02,Supplies,Staffing,Corrected,37285.5,Surgeons' salaries
2025-02-25,2025,2,February,2025-02,Equipment,Staffing,Corrected,28947.21,Surgeons' salaries
2025-02-26,2025,2,February,2025-02,Staffing,Staffing,Matched,43512.91,Surgeons' salaries
2025-02-27,2025,2,February,2025-02,Staffing,Staffing,Matched,47882.85,Surgeons' salaries
2025-02-28,2025,2,February,2025-02,Supplies,Staffing,Corrected,34277.5,Surgeons' salaries
2025-03-01,2025,3,March,2025-03,Staffing,Staffing,Matched,1809.78,Surgeons' salaries
2025-03-02,2025,3,March,2025-03,Equipment,Staffing,Corrected,28466.79,Surgeons' salaries
2025-03-03,2025,3,March,2025-03,Supplies,Equipment,Corrected,34027.42,Ventilators
2025-03-04,2025,3,March,2025-03,Staffing,Supplies,Corrected,27796.8,Surgical masks
2025-03-05,2025,3,March,2025-03,Supplies,Staffing,Corrected,46119.88,Surgeons' salaries
2025-03-06,2025,3,March,2025-03,Staffing,Supplies,Corrected,4111.9,Surgical masks
2025-03-07,2025,3,March,2025-03,Supplies,Staffing,Corrected,20876.48,Surgeons' salaries
2025-03-08,2025,3,March,2025-03,Staffing,Supplies,Corrected,29550.49,Surgical masks
2025-03-09,2025,3,March,2025-03,Supplies,Supplies,Matched,27390.75,Surgical masks
2025-03-10,2025,3,March,2025-03,Supplies,Equipment,Corrected,26181.74,Ventilators
2025-03-11,2025,3,March,2025-03,Staffing,Equipment,Corrected,21031.37,Ventilators
2025-03-12,2025,3,March,2025-03,Supplies,Equipment,Corrected,22079.89,Ventilators
2025-03-13,2025,3,March,2025-03,Staffing,Staffing,Matched,29840.48,Surgeons' salaries
2025-03-14,2025,3,March,2025-03,Supplies,Staffing,Corrected,25249.41,Surgeons' salaries
2025-03-15,2025,3,March,2025-03,Staffing,Staffing,Matched,39304.9,Surgeons' salaries
2025-03-16,2025,3,March,2025-03,Supplies,Equipment,Corrected,14816.44,Ventilators
2025-03-17,2025,3,March,2025-03,Staffing,Supplies,Corrected,2516.64,Surgical masks
2025-03-18,2025,3,March,2025-03,Staffing,Supplies,Corrected,43839.1,Surgical masks
2025-03-19,2025,3,March,2025-03,Equipment,Supplies,Corrected,43313.95,Surgical masks
2025-03-20,2025,3,March,2025-03,Equipment,Staffing,Corrected,8722.5,Surgeons' salaries
2025-03-21,2025,3,March,2025-03,Supplies,Staffing,Corrected,2952.24,Surgeons' salaries
2025-03-22,2025,3,March,2025-03,Supplies,Staffing,Corrected,20707.92,Surgeons' salaries
2025-03-23,2025,3,March,2025-03,Equipment,Supplies,Corrected,26776.3,Surgical masks
2025-03-24,2025,3,March,2025-03,Staffing,Equipment,Corrected,10650.13,Ventilators
2025-03-25,2025,3,March,2025-03,Supplies,Supplies,Matched,22617.38,Surgical masks
2025-03-26,2025,3,March,2025-03,Staffing,Equipment,Corrected,9765.69,Ventilators
2025-03-27,2025,3,March,2025-03,Staffing,Equipment,Corrected,29211.54,Ventilators
2025-03-28,2025,3,March,2025-03,Supplies,Equipment,Corrected,23534.35,Ventilators
2025-03-29,2025,3,March,2025-03,Supplies,Staffing,Corrected,5422.12,Surgeons' salaries
2025-03-30,2025,3,March,2025-03,Staffing,Supplies,Corrected,13531.44,Surgical masks
2025-03-31,2025,3,March,2025-03,Staffing,Equipment,Corrected,36896.98,Ventilators
2025-04-01,2025,4,April,2025-04,Supplies,Equipment,Corrected,41294.49,Ventilators
2025-04-02,2025,4,April,2025-04,Supplies,Equipment,Corrected,14634.09,Ventilators
2025-04-03,2025,4,April,2025-04,Staffing,Staffing,Matched,24870.99,Surgeons' salaries
2025-04-04,2025,4,April,2025-04,Staffing,Equipment,Corrected,7255.92,Ventilators
2025-04-05,2025,4,April,2025-04,Staffing,Equipment,Corrected,40313.05,Ventilators
2025-04-06,2025,4,April,2025-04,Supplies,Supplies,Matched,8204.47,Surgical masks
2025-04-07,2025,4,April,2025-04,Staffing,Staffing,Matched,32380.26,Surgeons' salaries
2025-04-08,2025,4,April,2025-04,Supplies,Equipment,Corrected,32750.57,Ventilators
2025-04-09,2025,4,April,2025-04,Equipment,Supplies,Corrected,13039.65,Surgical masks
2025-04-10,2025,4,April,2025-04,Staffing,Staffing,Matched,22413.84,Surgeons' salaries
2025-04-11,2025,4,April,2025-04,Staffing,Supplies,Corrected,4931.67,Surgical masks
2025-04-12,2025,4,April,2025-04,Supplies,Equipment,Corrected,21185.01,Ventilators
2025-04-13,2025,4,April,2025-04,Supplies,Staffing,Corrected,10242.93,Surgeons' salaries
2025-04-14,2025,4,April,2025-04,Equipment,Supplies,Corrected,48997.62,Surgical masks
2025-04-15,2025,4,April,2025-04,Supplies,Equipment,Corrected,28058.47,Ventilators
2025-04-16,2025,4,April,2025-04,Equipment,Supplies,Corrected,10532.67,Surgical masks
2025-04-17,2025,4,April,2025-04,Staffing,Equipment,Corrected,39709.33,Ventilators
2025-04-18,2025,4,April,2025-04,Staffing,Supplies,Corrected,29169.69,Surgical masks
2025-04-19,2025,4,April,2025-04,Supplies,Supplies,Matched,34198.43,Surgical masks
2025-04-20,2025,4,April,2025-04,Supplies,Equipment,Corrected,44688.13,Ventilators
2025-04-21,2025,4,April,2025-04,Equipment,Supplies,Corrected,34982.61,Surgical masks
2025-04-22,2025,4,April,2025-04,Supplies,Supplies,Matched,10783.56,Surgical masks
2025-04-23,2025,4,April,2025-04,Staffing,Supplies,Corrected,47766.88,Surgical masks
2025-04-24,2025,4,April,2025-04,Staffing,Equipment,Corrected,43059.46,Ventilators
2025-04-25,2025,4,April,2025-04,Supplies,Staffing,Corrected,25583.31,Surgeons' salaries
2025-04-26,2025,4,April,2025-04,Staffing,Supplies,Corrected,32378.36,Surgical masks
2025-04-27,2025,4,April,2025-04,Staffing,Staffing,Matched,36954.08,Surgeons' salaries
2025-04-28,2025,4,April,2025-04,Staffing,Supplies,Corrected,41441.71,Surgical masks
2025-04-29,2025,4,April,2025-04,Staffing,Equipment,Corrected,10781.04,Ventilators
2025-04-30,2025,4,April,2025-04,Supplies,Equipment,Corrected,25201.22,Ventilators
2025-05-01,2025,5,May,2025-05,Supplies,Staffing,Corrected,33168.49,Surgeons' salaries
2025-05-02,2025,5,May,2025-05,Supplies,Supplies,Matched,49424.73,Surgical masks
2025-05-03,2025,5,May,2025-05,Equipment,Equipment,Matched,10040.92,Ventilators
2025-05-04,2025,5,May,2025-05,Staffing,Supplies,Corrected,7584.08,Surgical masks
2025-05-05,2025,5,May,2025-05,Supplies,Supplies,Matched,4097.52,Surgical masks
2025-05-06,2025,5,May,2025-05,Staffing,Supplies,Corrected,5613.99,Surgical masks
2025-05-07,2025,5,May,2025-05,Staffing,Equipment,Corrected,42827.85,Ventilators
2025-05-08,2025,5,May,2025-05,Supplies,Staffing,Corrected,2549.0,Surgeons' salaries
2025-05-09,2025,5,May,2025-05,Supplies,Supplies,Matched,40465.03,Surgical masks
2025-05-10,2025,5,May,2025-05,Supplies,Supplies,Matched,6614.41,Surgical masks
2025-05-11,2025,5,May,2025-05,Supplies,Equipment,Corrected,12686.57,Ventilators
2025-05-12,2025,5,May,2025-05,Equipment,Supplies,Corrected,30023.3,Surgical masks
2025-05-13,2025,5,May,2025-05,Supplies,Supplies,Matched,40897.32,Surgical masks
2025-05-14,2025,5,May,2025-05,Equipment,Staffing,Corrected,44779.36,Surgeons' salaries
2025-05-15,2025,5,May,2025-05,Equipment,Supplies,Corrected,44189.16,Surgical masks
2025-05-16,2025,5,May,2025-05,Staffing,Staffing,Matched,4445.29,Surgeons' salaries
2025-05-17,2025,5,May,2025-05,Equipment,Supplies,Corrected,4876.19,Surgical masks
2025-05-18,2025,5,May,2025-05,Staffing,Supplies,Corrected,23438.23,Surgical masks
2025-05-19,2025,5,May,2025-05,Equipment,Staffing,Corrected,33267.4,Surgeons' salaries
2025-05-20,2025,5,May,2025-05,Supplies,Equipment,Corrected,45133.84,Ventilators
2025-05-21,2025,5,May,2025-05,Staffing,Equipment,Corrected,3826.63,Ventilators
2025-05-22,2025,5,May,2025-05,Staffing,Supplies,Corrected,18659.58,Surgical masks
2025-05-23,2025,5,May,2025-05,Supplies,Staffing,Corrected,45376.29,Surgeons' salaries
2025-05-24,2025,5,May,2025-05,Staffing,Equipment,Corrected,38963.04,Ventilators
2025-05-25,2025,5,May,2025-05,Equipment,Equipment,Matched,41203.91,Ventilators
2025-05-26,2025,5,May,2025-05,Staffing,Equipment,Corrected,12541.8,Ventilators
2025-05-27,2025,5,May,2025-05,Staffing,Equipment,Corrected,34480.61,Ventilators
2025-05-28,2025,5,May,2025-05,Staffing,Equipment,Corrected,29960.63,Ventilators
2025-05-29,2025,5,May,2025-05,Equipment,Supplies,Corrected,32746.13,Surgical masks
2025-05-30,2025,5,May,2025-05,Equipment,Equipment,Matched,18636.52,Ventilators
2025-05-31,2025,5,May,2025-05,Supplies,Supplies,Matched,22097.74,Surgical masks
2025-06-01,2025,6,June,2025-06,Equipment,Equipment,Matched,44263.65,Ventilators
2025-06-02,2025,6,June,2025-06,Equipment,Staffing,Corrected,17272.97,Surgeons' salaries
2025-06-03,2025,6,June,2025-06,Supplies,Equipment,Corrected,34869.96,Ventilators
2025-06-04,2025,6,June,2025-06,Staffing,Equipment,Corrected,23691.52,Ventilators
2025-06-05,2025,6,June,2025-06,Equipment,Equipment,Matched,20175.13,Ventilators
2025-06-06,2025,6,June,2025-06,Staffing,Staffing,Matched,27201.68,Surgeons' salaries
2025-06-07,2025,6,June,2025-06,Supplies,Equipment,Corrected,23396.71,Ventilators
2025-06-08,2025,6,June,2025-06,Equipment,Equipment,Matched,3689.62,Ventilators
2025-06-09,2025,6,June,2025-06,Staffing,Staffing,Matched,6518.61,Surgeons' salaries
2025-06-10,2025,6,June,2025-06,Supplies,Staffing,Corrected,34616.75,Surgeons' salaries
2025-06-11,2025,6,June,2025-06,Equipment,Staffing,Corrected,38928.36,Surgeons' salaries
2025-06-12,2025,6,June,2025-06,Equipment,Supplies,Corrected,31157.69,Surgical masks
2025-06-13,2025,6,June,2025-06,Equipment,Supplies,Corrected,21888.9,Surgical masks
2025-06-14,2025,6,June,2025-06,Equipment,Staffing,Corrected,36064.5,Surgeons' salaries
2025-06-15,2025,6,June,2025-06,Supplies,Staffing,Corrected,37863.75,Surgeons' salaries
2025-06-16,2025,6,June,2025-06,Equipment,Supplies,Corrected,43985.57,Surgical masks
2025-06-17,2025,6,June,2025-06,Staffing,Staffing,Matched,20052.08,Surgeons' salaries
2025-06-18,2025,6,June,2025-06,Equipment,Staffing,Corrected,10688.96,Surgeons' salaries
2025-06-19,2025,6,June,2025-06,Equipment,Equipment,Matched,11789.16,Ventilators
2025-06-20,2025,6,June,2025-06,Staffing,Supplies,Corrected,33066.42,Surgical masks
2025-06-21,2025,6,June,2025-06,Equipment,Supplies,Corrected,27005.81,Surgical masks
2025-06-22,2025,6,June,2025-06,Supplies,Supplies,Matched,37684.95,Surgical masks
2025-06-23,2025,6,June,2025-06,Equipment,Supplies,Corrected,4522.5,Surgical masks
2025-06-24,2025,6,June,2025-06,Supplies,Staffing,Corrected,19888.34,Surgeons' salaries
2025-06-25,2025,6,June,2025-06,Supplies,Staffing,Corrected,34556.42,Surgeons' salaries
2025-06-26,2025,6,June,2025-06,Equipment,Supplies,Corrected,37314.24,Surgical masks
2025-06-27,2025,6,June,2025-06,Equipment,Supplies,Corrected,19415.23,Surgical masks
2025-06-28,2025,6,June,2025-06,Equipment,Staffing,Corrected,2452.39,Surgeons' salaries
2025-06-29,2025,6,June,2025-06,Supplies,Equipment,Corrected,7961.29,Ventilators
2025-06-30,2025,6,June,2025-06,Staffing,Staffing,Matched,1162.91,Surgeons' salaries
2025-07-01,2025,7,July,2025-07,Supplies,Staffing,Corrected,3829.4,Surgeons' salaries
2025-07-02,2025,7,July,2025-07,Equipment,Staffing,Corrected,35474.05,Surgeons' salaries
2025-07-03,2025,7,July,2025-07,Equipment,Staffing,Corrected,20960.17,Surgeons' salaries
2025-07-04,2025,7,July,2025-07,Staffing,Supplies,Corrected,31462.33,Surgical masks
2025-07-05,2025,7,July,2025-07,Supplies,Equipment,Corrected,19467.98,Ventilators
2025-07-06,2025,7,July,2025-07,Equipment,Staffing,Corrected,33262.4,Surgeons' salaries
2025-07-07,2025,7,July,2025-07,Supplies,Staffing,Corrected,45986.95,Surgeons' salaries
2025-07-08,2025,7,July,2025-07,Staffing,Staffing,Matched,25501.6,Surgeons' salaries
2025-07-09,2025,7,July,2025-07,Staffing,Staffing,Matched,9805.39,Surgeons' salaries
2025-07-10,2025,7,July,2025-07,Supplies,Staffing,Corrected,41251.12,Surgeons' salaries
2025-07-11,2025,7,July,2025-07,Supplies,Equipment,Corrected,12018.49,Ventilators
2025-07-12,2025,7,July,2025-07,Staffing,Supplies,Corrected,1705.35,Surgical masks
2025-07-13,2025,7,July,2025-07,Supplies,Staffing,Corrected,17451.87,Surgeons' salaries
2025-07-14,2025,7,July,2025-07,Supplies,Supplies,Matched,36465.86,Surgical masks
2025-07-15,2025,7,July,2025-07,Supplies,Staffing,Corrected,16945.76,Surgeons' salaries
2025-07-16,2025,7,July,2025-07,Staffing,Supplies,Corrected,49511.97,Surgical masks
2025-07-17,2025,7,July,2025-07,Equipment,Supplies,Corrected,25772.83,Surgical masks
2025-07-18,2025,7,July,2025-07,Equipment,Supplies,Corrected,4553.95,Surgical masks
2025-07-19,2025,7,July,2025-07,Supplies,Staffing,Corrected,16076.99,Surgeons' salaries
2025-07-20,2025,7,July,2025-07,Staffing,Staffing,Matched,16084.6,Surgeons' salaries
2025-07-21,2025,7,July,2025-07,Supplies,Staffing,Corrected,27867.61,Surgeons' salaries
2025-07-22,2025,7,July,2025-07,Equipment,Staffing,Corrected,5042.8,Surgeons' salaries
2025-07-23,2025,7,July,2025-07,Equipment,Supplies,Corrected,47542.04,Surgical masks
2025-07-24,2025,7,July,2025-07,Supplies,Staffing,Corrected,21328.92,Surgeons' salaries
2025-07-25,2025,7,July,2025-07,Supplies,Equipment,Corrected,47900.99,Ventilators
2025-07-26,2025,7,July,2025-07,Supplies,Equipment,Corrected,47060.09,Ventilators
2025-07-27,2025,7,July,2025-07,Equipment,Supplies,Corrected,14305.92,Surgical masks
2025-07-28,2025,7,July,2025-07,Staffing,Staffing,Matched,15337.58,Surgeons' salaries
2025-07-29,2025,7,July,2025-07,Equipment,Staffing,Corrected,32172.39,Surgeons' salaries
2025-07-30,2025,7,July,2025-07,Staffing,Supplies,Corrected,19853.07,Surgical masks
2025-07-31,2025,7,July,2025-07,Staffing,Equipment,Corrected,17201.77,Ventilators
2025-08-01,2025,8,August,2025-08,Supplies,Supplies,Matched,32903.58,Surgical masks
2025-08-02,2025,8,August,2025-08,Staffing,Staffing,Matched,12732.9,Surgeons' salaries
2025-08-03,2025,8,August,2025-08,Equipment,Supplies,Corrected,10955.76,Surgical masks
2025-08-04,2025,8,August,2025-08,Equipment,Equipment,Matched,15669.75,Ventilators
2025-08-05,2025,8,August,2025-08,Supplies,Equipment,Corrected,30244.03,Ventilators
2025-08-06,2025,8,August,2025-08,Staffing,Equipment,Corrected,10089.59,Ventilators
2025-08-07,2025,8,August,2025-08,Equipment,Staffing,Corrected,5487.64,Surgeons' salaries
2025-08-08,2025,8,August,2025-08,Equipment,Staffing,Corrected,27027.37,Surgeons' salaries
2025-08-09,2025,8,August,2025-08,Supplies,Supplies,Matched,30882.56,Surgical masks
2025-08-10,2025,8,August,2025-08,Supplies,Equipment,Corrected,13717.57,Ventilators
2025-08-11,2025,8,August,2025-08,Staffing,Supplies,Corrected,38587.17,Surgical masks
2025-08-12,2025,8,August,2025-08,Staffing,Equipment,Corrected,4428.27,Ventilators
2025-08-13,2025,8,August,2025-08,Supplies,Staffing,Corrected,35940.29,Surgeons' salaries
2025-08-14,2025,8,August,2025-08,Supplies,Equipment,Corrected,20609.4,Ventilators
2025-08-15,2025,8,August,2025-08,Staffing,Supplies,Corrected,20845.98,Surgical masks
2025-08-16,2025,8,August,2025-08,Staffing,Supplies,Corrected,24253.79,Surgical masks
2025-08-17,2025,8,August,2025-08,Supplies,Equipment,Corrected,48981.12,Ventilators
2025-08-18,2025,8,August,2025-08,Supplies,Staffing,Corrected,39939.36,Surgeons' salaries
2025-08-19,2025,8,August,2025-08,Equipment,Equipment,Matched,10523.24,Ventilators
2025-08-20,2025,8,August,2025-08,Supplies,Staffing,Corrected,9658.43,Surgeons' salaries
2025-08-21,2025,8,August,2025-08,Equipment,Staffing,Corrected,37231.25,Surgeons' salaries
2025-08-22,2025,8,August,2025-08,Supplies,Staffing,Corrected,16756.97,Surgeons' salaries
2025-08-23,2025,8,August,2025-08,Supplies,Equipment,Corrected,39785.63,Ventilators
2025-08-24,2025,8,August,2025-08,Supplies,Supplies,Matched,26855.36,Surgical masks
2025-08-25,2025,8,August,2025-08,Supplies,Equipment,Corrected,29585.7,Ventilators
2025-08-26,2025,8,August,2025-08,Equipment,Supplies,Corrected,12298.3,Surgical masks
2025-08-27,2025,8,August,2025-08,Staffing,Supplies,Corrected,17898.98,Surgical masks
2025-08-28,2025,8,August,2025-08,Staffing,Staffing,Matched,13774.74,Surgeons' salaries
2025-08-29,2025,8,August,2025-08,Staffing,Supplies,Corrected,41581.27,Surgical masks
2025-08-30,2025,8,August,2025-08,Equipment,Equipment,Matched,19079.02,Ventilators
2025-08-31,2025,8,August,2025-08,Supplies,Equipment,Corrected,43443.8,Ventilators
2025-09-01,2025,9,September,2025-09,Staffing,Staffing,Matched,47510.81,Surgeons' salaries
2025-09-02,2025,9,September,2025-09,Supplies,Supplies,Matched,22439.89,Surgical masks
2025-09-03,2025,9,September,2025-09,Supplies,Supplies,Matched,41719.0,Surgical masks
2025-09-04,2025,9,September,2025-09,Equipment,Supplies,Corrected,47826.79,Surgical masks
2025-09-05,2025,9,September,2025-09,Equipment,Equipment,Matched,15882.75,Ventilators
2025-09-06,2025,9,September,2025-09,Equipment,Staffing,Corrected,31923.79,Surgeons' salaries
2025-09-07,2025,9,September,2025-09,Staffing,Equipment,Corrected,43453.14,Ventilators
2025-09-08,2025,9,September,2025-09,Supplies,Staffing,Corrected,19902.74,Surgeons' salaries
2025-09-09,2025,9,September,2025-09,Staffing,Equipment,Corrected,28629.71,Ventilators
2025-09-10,2025,9,September,2025-09,Supplies,Supplies,Matched,9386.58,Surgical masks
2025-09-11,2025,9,September,2025-09,Staffing,Equipment,Corrected,49266.87,Ventilators
2025-09-12,2025,9,September,2025-09,Supplies,Supplies,Matched,25035.6,Surgical masks
2025-09-13,2025,9,September,2025-09,Supplies,Staffing,Corrected,22674.97,Surgeons' salaries
2025-09-14,2025,9,September,2025-09,Supplies,Equipment,Corrected,26936.89,Ventilators
2025-09-15,2025,9,September,2025-09,Staffing,Staffing,Matched,27455.67,Surgeons' salaries
2025-09-16,2025,9,September,2025-09,Staffing,Staffing,Matched,39029.13,Surgeons' salaries
2025-09-17,2025,9,September,2025-09,Staffing,Staffing,Matched,35041.69,Surgeons' salaries
2025-09-18,2025,9,September,2025-09,Staffing,Equipment,Corrected,44459.52,Ventilators
2025-09-19,2025,9,September,2025-09,Staffing,Supplies,Corrected,38495.09,Surgical masks
2025-09-20,2025,9,September,2025-09,Equipment,Supplies,Corrected,3148.4,Surgical masks
2025-09-21,2025,9,September,2025-09,Staffing,Staffing,Matched,12424.42,Surgeons' salaries
2025-09-22,2025,9,September,2025-09,Equipment,Supplies,Corrected,34524.9,Surgical masks
2025-09-23,2025,9,September,2025-09,Supplies,Supplies,Matched,42381.43,Surgical masks
2025-09-24,2025,9,September,2025-09,Equipment,Supplies,Corrected,24778.96,Surgical masks
2025-09-25,2025,9,September,2025-09,Staffing,Equipment,Corrected,36415.77,Ventilators
2025-09-26,2025,9,September,2025-09,Supplies,Staffing,Corrected,26527.03,Surgeons' salaries
2025-09-27,2025,9,September,2025-09,Staffing,Equipment,Corrected,20336.74,Ventilators
2025-09-28,2025,9,September,2025-09,Supplies,Staffing,Corrected,15578.09,Surgeons' salaries
2025-09-29,2025,9,September,2025-09,Equipment,Supplies,Corrected,3623.57,Surgical masks
2025-09-30,2025,9,September,2025-09,Staffing,Staffing,Matched,8908.52,Surgeons' salaries
2025-10-01,2025,10,October,2025-10,Supplies,Equipment,Corrected,15982.22,Ventilators
2025-10-02,2025,10,October,2025-10,Staffing,Supplies,Corrected,22410.66,Surgical masks
2025-10-03,2025,10,October,2025-10,Supplies,Equipment,Corrected,30947.24,Ventilators
2025-10-04,2025,10,October,2025-10,Supplies,Supplies,Matched,8175.27,Surgical masks
2025-10-05,2025,10,October,2025-10,Equipment,Staffing,Corrected,33557.42,Surgeons' salaries
2025-10-06,2025,10,October,2025-10,Staffing,Staffing,Matched,7655.1,Surgeons' salaries
2025-10-07,2025,10,October,2025-10,Equipment,Equipment,Matched,35020.54,Ventilators
2025-10-08,2025,10,October,2025-10,Supplies,Equipment,Corrected,45792.58,Ventilators
2025-10-09,2025,10,October,2025-10,Supplies,Supplies,Matched,11921.27,Surgical masks
2025-10-10,2025,10,October,2025-10,Supplies,Supplies,Matched,16835.46,Surgical masks
2025-10-11,2025,10,October,2025-10,Staffing,Staffing,Matched,11166.04,Surgeons' salaries
2025-10-12,2025,10,October,2025-10,Supplies,Staffing,Corrected,4025.81,Surgeons' salaries
2025-10-13,2025,10,October,2025-10,Equipment,Staffing,Corrected,14584.19,Surgeons' salaries
2025-10-14,2025,10,October,2025-10,Equipment,Staffing,Corrected,25721.36,Surgeons' salaries
2025-10-15,2025,10,October,2025-10,Staffing,Supplies,Corrected,13809.28,Surgical masks
2025-10-16,2025,10,October,2025-10,Supplies,Supplies,Matched,41515.38,Surgical masks
2025-10-17,2025,10,October,2025-10,Supplies,Staffing,Corrected,1133.11,Surgeons' salaries
2025-10-18,2025,10,October,2025-10,Supplies,Supplies,Matched,30116.67,Surgical masks
2025-10-19,2025,10,October,2025-10,Equipment,Staffing,Corrected,11098.1,Surgeons' salaries
2025-10-20,2025,10,October,2025-10,Staffing,Supplies,Corrected,30797.49,Surgical masks
2025-10-21,2025,10,October,2025-10,Equipment,Staffing,Corrected,42772.7,Surgeons' salaries
2025-10-22,2025,10,October,2025-10,Supplies,Staffing,Corrected,20378.33,Surgeons' salaries
2025-10-23,2025,10,October,2025-10,Staffing,Supplies,Corrected,24263.85,Surgical masks
2025-10-24,2025,10,October,2025-10,Equipment,Staffing,Corrected,48585.22,Surgeons' salaries
2025-10-25,2025,10,October,2025-10,Supplies,Equipment,Corrected,20046.24,Ventilators
2025-10-26,2025,10,October,2025-10,Staffing,Supplies,Corrected,30795.34,Surgical masks
2025-10-27,2025,10,October,2025-10,Equipment,Equipment,Matched,16172.7,Ventilators
2025-10-28,2025,10,October,2025-10,Supplies,Equipment,Corrected,39866.29,Ventilators
2025-10-29,2025,10,October,2025-10,Staffing,Staffing,Matched,21054.92,Surgeons' salaries
2025-10-30,2025,10,October,2025-10,Equipment,Supplies,Corrected,42478.14,Surgical masks
2025-10-31,2025,10,October,2025-10,Supplies,Staffing,Corrected,27272.81,Surgeons' salaries
2025-11-01,2025,11,November,2025-11,Staffing,Staffing,Matched,5161.7,Surgeons' salaries
2025-11-02,2025,11,November,2025-11,Supplies,Staffing,Corrected,16679.01,Surgeons' salaries
2025-11-03,2025,11,November,2025-11,Supplies,Supplies,Matched,13154.51,Surgical masks
2025-11-04,2025,11,November,2025-11,Staffing,Staffing,Matched,32675.84,Surgeons' salaries
2025-11-05,2025,11,November,2025-11,Supplies,Supplies,Matched,41674.24,Surgical masks
2025-11-06,2025,11,November,2025-11,Staffing,Staffing,Matched,48303.45,Surgeons' salaries
2025-11-07,2025,11,November,2025-11,Staffing,Staffing,Matched,45026.62,Surgeons' salaries
2025-11-08,2025,11,November,2025-11,Staffing,Equipment,Corrected,24523.45,Ventilators
2025-11-09,2025,11,November,2025-11,Equipment,Supplies,Corrected,18952.69,Surgical masks
2025-11-10,2025,11,November,2025-11,Supplies,Equipment,Corrected,18592.28,Ventilators
2025-11-11,2025,11,November,2025-11,Supplies,Supplies,Matched,48159.5,Surgical masks
2025-11-12,2025,11,November,2025-11,Supplies,Supplies,Matched,33810.58,Surgical masks
2025-11-13,2025,11,November,2025-11,Staffing,Equipment,Corrected,20062.15,Ventilators
2025-11-14,2025,11,November,2025-11,Staffing,Supplies,Corrected,34176.91,Surgical masks
2025-11-15,2025,11,November,2025-11,Staffing,Supplies,Corrected,14264.74,Surgical masks
2025-11-16,2025,11,November,2025-11,Equipment,Supplies,Corrected,18430.59,Surgical masks
2025-11-17,2025,11,November,2025-11,Equipment,Equipment,Matched,34877.12,Ventilators
2025-11-18,2025,11,November,2025-11,Supplies,Staffing,Corrected,13572.08,Surgeons' salaries
2025-11-19,2025,11,November,2025-11,Supplies,Supplies,Matched,13143.19,Surgical masks
2025-11-20,2025,11,November,2025-11,Staffing,Staffing,Matched,9241.56,Surgeons' salaries
2025-11-21,2025,11,November,2025-11,Supplies,Staffing,Corrected,20735.75,Surgeons' salaries
2025-11-22,2025,11,November,2025-11,Staffing,Supplies,Corrected,22411.69,Surgical masks
2025-11-23,2025,11,November,2025-11,Supplies,Supplies,Matched,47934.47,Surgical masks
2025-11-24,2025,11,November,2025-11,Staffing,Staffing,Matched,13978.14,Surgeons' salaries
2025-11-25,2025,11,November,2025-11,Supplies,Staffing,Corrected,3053.24,Surgeons' salaries
2025-11-26,2025,11,November,2025-11,Equipment,Equipment,Matched,25577.9,Ventilators
2025-11-27,2025,11,November,2025-11,Supplies,Equipment,Corrected,5682.12,Ventilators
2025-11-28,2025,11,November,2025-11,Supplies,Supplies,Matched,14619.83,Surgical masks
2025-11-29,2025,11,November,2025-11,Equipment,Supplies,Corrected,28989.14,Surgical masks
2025-11-30,2025,11,November,2025-11,Equipment,Equipment,Matched,12606.77,Ventilators
2025-12-01,2025,12,December,2025-12,Supplies,Equipment,Corrected,20542.79,Ventilators
2025-12-02,2025,12,December,2025-12,Equipment,Supplies,Corrected,46595.62,Surgical masks
2025-12-03,2025,12,December,2025-12,Equipment,Staffing,Corrected,3975.18,Surgeons' salaries
2025-12-04,2025,12,December,2025-12,Equipment,Equipment,Matched,22434.9,Ventilators
2025-12-05,2025,12,December,2025-12,Staffing,Staffing,Matched,32332.02,Surgeons' salaries
2025-12-06,2025,12,December,2025-12,Staffing,Equipment,Corrected,29552.08,Ventilators
2025-12-07,2025,12,December,2025-12,Equipment,Equipment,Matched,33360.5,Ventilators
2025-12-08,2025,12,December,2025-12,Staffing,Equipment,Corrected,3242.27,Ventilators
2025-12-09,2025,12,December,2025-12,Equipment,Staffing,Corrected,13238.17,Surgeons' salaries
2025-12-10,2025,12,December,2025-12,Supplies,Staffing,Corrected,2632.97,Surgeons' salaries
2025-12-11,2025,12,December,2025-12,Supplies,Equipment,Corrected,33218.93,Ventilators
2025-12-12,2025,12,December,2025-12,Supplies,Staffing,Corrected,21615.77,Surgeons' salaries
2025-12-13,2025,12,December,2025-12,Supplies,Staffing,Corrected,29568.36,Surgeons' salaries
2025-12-14,2025,12,December,2025-12,Supplies,Staffing,Corrected,24024.58,Surgeons' salaries
2025-12-15,2025,12,December,2025-12,Equipment,Supplies,Corrected,48300.42,Surgical masks
2025-12-16,2025,12,December,2025-12,Equipment,Staffing,Corrected,7667.08,Surgeons' salaries
2025-12-17,2025,12,December,2025-12,Supplies,Supplies,Matched,27468.91,Surgical masks
2025-12-18,2025,12,December,2025-12,Equipment,Supplies,Corrected,22293.66,Surgical masks
2025-12-19,2025,12,December,2025-12,Supplies,Supplies,Matched,22239.9,Surgical masks
2025-12-20,2025,12,December,2025-12,Staffing,Supplies,Corrected,5259.19,Surgical masks
2025-12-21,2025,12,December,2025-12,Equipment,Supplies,Corrected,27812.06,Surgical masks
2025-12-22,2025,12,December,2025-12,Supplies,Staffing,Corrected,37963.07,Surgeons' salaries
2025-12-23,2025,12,December,2025-12,Supplies,Staffing,Corrected,33222.6,Surgeons' salaries
2025-12-24,2025,12,December,2025-12,Equipment,Equipment,Matched,12370.69,Ventilators
2025-12-25,2025,12,December,2025-12,Supplies,Equipment,Corrected,11705.61,Ventilators
2025-12-26,2025,12,December,2025-12,Equipment,Equipment,Matched,42508.26,Ventilators
2025-12-27,2025,12,December,2025-12,Staffing,Staffing,Matched,44828.5,Surgeons' salaries
2025-12-28,2025,12,December,2025-12,Equipment,Staffing,Corrected,42097.25,Surgeons' salaries
2025-12-29,2025,12,December,2025-12,Equipment,Staffing,Corrected,3686.26,Surgeons' salaries
2025-12-30,2025,12,December,2025-12,Staffing,Staffing,Matched,14306.25,Surgeons' salaries
2025-12-31,2025,12,December,2025-12,Staffing,Supplies,Corrected,19674.11,Surgical masks
2026-01-01,2026,1,January,2026-01,Staffing,Equipment,Corrected,5587.8,Ventilators
2026-01-02,2026,1,January,2026-01,Supplies,Equipment,Corrected,22635.11,Ventilators
2026-01-03,2026,1,January,2026-01,Staffing,Supplies,Corrected,24151.81,Surgical masks
2026-01-04,2026,1,January,2026-01,Equipment,Staffing,Corrected,21182.05,Surgeons' salaries
2026-01-05,2026,1,January,2026-01,Supplies,Equipment,Corrected,42350.29,Ventilators
2026-01-06,2026,1,January,2026-01,Supplies,Supplies,Matched,24958.21,Surgical masks
2026-01-07,2026,1,January,2026-01,Staffing,Equipment,Corrected,37622.62,Ventilators
2026-01-08,2026,1,January,2026-01,Staffing,Equipment,Corrected,36418.42,Ventilators
2026-01-09,2026,1,January,2026-01,Staffing,Staffing,Matched,12065.13,Surgeons' salaries
2026-01-10,2026,1,January,2026-01,Supplies,Staffing,Corrected,29759.46,Surgeons' salaries
2026-01-11,2026,1,January,2026-01,Staffing,Staffing,Matched,3617.13,Surgeons' salaries
2026-01-12,2026,1,January,2026-01,Staffing,Staffing,Matched,25439.95,Surgeons' salaries
2026-01-13,2026,1,January,2026-01,Staffing,Supplies,Corrected,6779.86,Surgical masks
2026-01-14,2026,1,January,2026-01,Staffing,Supplies,Corrected,1110.27,Surgical masks
2026-01-15,2026,1,January,2026-01,Staffing,Supplies,Corrected,19557.08,Surgical masks
2026-01-16,2026,1,January,2026-01,Supplies,Staffing,Corrected,48194.2,Surgeons' salaries
2026-01-17,2026,1,January,2026-01,Supplies,Equipment,Corrected,34490.84,Ventilators
2026-01-18,2026,1,January,2026-01,Equipment,Equipment,Matched,18122.84,Ventilators
2026-01-19,2026,1,January,2026-01,Equipment,Supplies,Corrected,35992.92,Surgical masks
2026-01-20,2026,1,January,2026-01,Equipment,Staffing,Corrected,28402.54,Surgeons' salaries
2026-01-21,2026,1,January,2026-01,Supplies,Supplies,Matched,33327.75,Surgical masks
2026-01-22,2026,1,January,2026-01,Staffing,Staffing,Matched,6793.67,Surgeons' salaries
2026-01-23,2026,1,January,2026-01,Staffing,Staffing,Matched,24031.97,Surgeons' salaries
2026-01-24,2026,1,January,2026-01,Staffing,Staffing,Matched,39635.14,Surgeons' salaries
2026-01-25,2026,1,January,2026-01,Equipment,Staffing,Corrected,19808.64,Surgeons' salaries
2026-01-26,2026,1,January,2026-01,Supplies,Staffing,Corrected,47816.63,Surgeons' salaries
2026-01-27,2026,1,January,2026-01,Equipment,Equipment,Matched,30329.71,Ventilators
2026-01-28,2026,1,January,2026-01,Equipment,Equipment,Matched,47158.82,Ventilators
2026-01-29,2026,1,January,2026-01,Equipment,Staffing,Corrected,28983.58,Surgeons' salaries
2026-01-30,2026,1,January,2026-01,Staffing,Equipment,Corrected,11301.0,Ventilators
2026-01-31,2026,1,January,2026-01,Staffing,Equipment,Corrected,13808.29,Ventilators
2026-02-01,2026,2,February,2026-02,Staffing,Equipment,Corrected,29422.32,Ventilators
2026-02-02,2026,2,February,2026-02,Equipment,Equipment,Matched,41639.54,Ventilators
2026-02-03,2026,2,February,2026-02,Equipment,Supplies,Corrected,10555.19,Surgical masks
2026-02-04,2026,2,February,2026-02,Supplies,Equipment,Corrected,27712.73,Ventilators
2026-02-05,2026,2,February,2026-02,Staffing,Staffing,Matched,18171.24,Surgeons' salaries
2026-02-06,2026,2,February,2026-02,Equipment,Supplies,Corrected,41594.51,Surgical masks
2026-02-07,2026,2,February,2026-02,Supplies,Staffing,Corrected,38501.23,Surgeons' salaries
2026-02-08,2026,2,February,2026-02,Equipment,Supplies,Corrected,3001.73,Surgical masks
2026-02-09,2026,2,February,2026-02,Equipment,Supplies,Corrected,11394.14,Surgical masks
2026-02-10,2026,2,February,2026-02,Equipment,Supplies,Corrected,30342.12,Surgical masks
2026-02-11,2026,2,February,2026-02,Supplies,Staffing,Corrected,42302.76,Surgeons' salaries
2026-02-12,2026,2,February,2026-02,Supplies,Supplies,Matched,31518.61,Surgical masks
